,country,province,region_1,Lat,Lng
0,US,California,Napa Valley,38.5024689,-122.2653887
1,Spain,Northern Spain,Toro,41.4540325,-5.414900299999999
2,US,California,Knights Valley,38.6351857,-122.6941543
3,US,Oregon,Willamette Valley,44.942554,-122.9337615
4,France,Provence,Bandol,43.136418,5.754186
8,US,Oregon,Chehalem Mountains,45.3762277,-123.037326
9,US,California,Sonoma Coast,38.4052701,-123.096764
10,Italy,Northeastern Italy,Collio,41.87194,12.56738
11,US,Oregon,Ribbon Ridge,45.3542829,-123.0739933
12,US,Oregon,Dundee Hills,45.2721648,-123.0163892
13,France,Southwest France,Madiran,43.549639,-0.057621
16,US,California,Diamond Mountain District,38.5550719,-122.574452
17,Spain,Northern Spain,Ribera del Duero,41.5120194,-5.4922548
18,France,Southwest France,Cahors,44.4475229,1.441989
21,Spain,Northern Spain,Rioja,42.2870733,-2.539603
23,US,California,Edna Valley,35.2168996,-120.6077553
24,US,California,Santa Cruz Mountains,37.1108921,-121.8448906
27,US,California,Santa Lucia Highlands,36.4307709,-121.4203754
28,US,Washington,Walla Walla Valley (WA),46.0655953,-118.3387429
29,US,California,Russian River Valley,38.9116325,-123.0110483
30,France,France Other,Vin Mousseux,46.227638,2.213749
31,US,Washington,Columbia Valley (WA),47.4523058,-120.822886
32,Italy,Tuscany,Brunello di Montalcino,42.967171,11.437808
33,Italy,Tuscany,Chianti Classico,43.612362,11.1915624
34,Spain,Galicia,Ribeira Sacra,42.3465529,-7.863258399999999
35,Spain,Andalucia,Jerez,36.6850064,-6.126074399999999
37,France,Rhône Valley,Cornas,44.9622135,4.848509099999999
40,US,California,Mount Veeder,38.3793566,-122.4477575
42,France,Loire Valley,Sancerre,47.442767,2.8143545
43,France,Loire Valley,Coteaux du Giennois,48.014277,3.088529
44,US,Washington,Red Mountain,46.2979123,-119.4408562
45,US,New York,Finger Lakes,42.7238165,-76.9297247
47,Italy,Tuscany,Maremma Toscana,43.13439140000001,11.0111351
48,Argentina,Mendoza Province,Mendoza,-32.8894587,-68.8458386
50,France,Burgundy,Chablis,47.815269,3.800450999999999
51,US,California,Santa Clara Valley,37.2488478,-121.8399593
54,US,Oregon,Eola-Amity Hills,45.1312282,-123.1637138
55,US,California,Rutherford,38.45910120000001,-122.4225638
56,US,California,St. Helena,38.5052429,-122.4703868
58,France,Champagne,Champagne,35.9346922,-96.0134444
60,Italy,Piedmont,Barolo,44.6088032,7.9403041
68,Italy,Veneto,Prosecco,45.9391729,12.279768
69,US,California,Mendocino County,39.5500194,-123.438353
71,France,Southwest France,Buzet,44.2581983,0.2979439
72,France,Southwest France,Côtes de Gascogne,49.034744,1.598236
75,US,California,Paso Robles,35.6368759,-120.6545022
76,US,Washington,Yakima Valley,46.6056192,-120.4948209
78,Argentina,Mendoza Province,Tupungato,-33.3728036,-69.1475583
79,US,California,Howell Mountain,38.58139,-122.45
80,US,New York,Hudson River Region,42.403046,-73.8886727
81,Argentina,Mendoza Province,Valle de Uco,-33.591622,-69.025249
83,US,California,Anderson Valley,39.0865657,-123.4794542
84,US,California,Santa Maria Valley,34.9457909,-120.561774
87,US,California,Amador County,38.3488921,-120.7740931
90,Italy,Sicily & Sardinia,Etna,37.751005,14.9934349
93,US,California,Adelaida District,35.645397,-120.874138
95,US,California,California,35.125801,-117.9859038
97,France,Languedoc-Roussillon,Coteaux du Languedoc Pic Saint Loup,43.780392,3.813078
102,Spain,Catalonia,Cava,42.3252871,1.6055202
104,US,California,Happy Canyon of Santa Barbara,34.4206415,-119.6994278
108,Italy,Tuscany,Toscana,43.7710513,11.2486208
110,US,California,Livermore Valley,37.6704091,-121.6978901
112,France,Rhône Valley,Côtes du Rhône,43.946168,4.8074198
120,Argentina,Mendoza Province,Luján de Cuyo,-33.0391038,-68.8798644
124,Spain,Northern Spain,Valdeorras,42.3788608,-6.9638624
125,Spain,Catalonia,Montsant,41.292953,0.7978029999999999
132,US,Washington,Wahluke Slope,46.7643025,-119.6166988
134,Italy,Piedmont,Barbaresco,44.7232618,8.0835572
135,US,California,Rockpile,38.7722871,-123.2127857
137,France,Alsace,Alsace,48.3181795,7.441624099999999
146,US,California,Fort Ross-Seaview,38.51392510000001,-123.2455683
148,US,California,Santa Barbara County,34.4208321,-119.6982057
149,US,Washington,Horse Heaven Hills,46.13318779999999,-119.8678139
157,US,Oregon,McMinnville,45.21011619999999,-123.1987163
158,US,California,Central Coast,35.6368759,-120.6545022
161,US,California,Carneros,38.2554723,-122.3349422
166,Spain,Northern Spain,Cigales,41.7580541,-4.698011699999999
167,Spain,Central Spain,La Mancha,39.2795607,-3.097702
173,Argentina,Mendoza Province,Agrelo,-33.1194013,-68.8868944
174,France,Burgundy,Beaune,47.02603000000001,4.840004
175,France,Burgundy,Chassagne-Montrachet,46.9447821,4.7539203
176,US,California,Coombsville,38.2971707,-122.2864459
179,Italy,Northeastern Italy,Alto Adige,46.4336662,11.1693296
181,Italy,Veneto,Soave Classico,45.4223008,11.2485921
183,France,Bordeaux,Graves,44.820387,-0.5996032
185,US,California,Monterey County,36.3136201,-121.3541631
186,France,Burgundy,Santenay,46.912833,4.696534
187,France,Southwest France,Côtes du Tarn,43.9264401,1.9881527
188,France,Burgundy,Pouilly-Fuissé,46.2890296,4.7403944
195,US,California,Clear Lake,38.9582307,-122.6263728
198,Italy,Veneto,Amarone della Valpolicella Classico,45.76233329999999,11.690976
220,France,Provence,Côtes de Provence,43.44632319999999,6.4699991
225,Spain,Galicia,Rías Baixas,42.4270967,-8.814226399999999
227,US,California,Paso Robles Willow Creek District,35.5812742,-120.7849327
245,US,Oregon,Umpqua Valley,43.2113549,-123.3464928
251,France,Burgundy,Pommard,47.00931,4.795325
256,US,California,Dry Creek Valley,38.61054,-122.873166
261,Canada,British Columbia,Okanagan Valley,49.8879519,-119.4960106
266,US,California,Santa Ynez Valley,34.5841542,-120.0973685
267,France,Rhône Valley,Côtes du Rhône Villages,45.7895449,5.179355
268,France,Rhône Valley,Châteauneuf-du-Pape,44.054065,4.834646
269,US,California,Alexander Valley,38.65649,-122.786907
272,Spain,Spain Other,Spain,40.4272595,-3.6812251
273,US,California,Sonoma Valley,38.291859,-122.4580356
281,US,California,Lodi,38.1341477,-121.2722194
287,Italy,Tuscany,Bolgheri,43.2336764,10.6170139
289,Spain,Andalucia,Manzanilla-Sanlúcar de Barrameda,36.7754065,-6.342858199999999
294,Italy,Veneto,Soave,45.4544384,11.2358335
296,Argentina,Other,San Juan,38.3002486,-109.2732565
302,US,California,South Coast,41.0006957,-123.0483683
306,France,Southwest France,Gaillac,43.9018159,1.896506
308,US,California,Carmel Valley,36.4799024,-121.7327931
322,US,California,Green Valley,34.6216542,-118.4139702
326,Canada,Ontario,Beamsville Bench,43.1588749,-79.4921643
331,US,Washington,Columbia Gorge (WA),47.4523058,-120.822886
334,US,California,Sta. Rita Hills,34.6422431,-120.438894
342,US,California,Sierra Foothills,37.4868133,-119.9676622
351,Italy,Sicily & Sardinia,Noto,40.1208752,9.012892599999999
379,US,California,Ben Lomond Mountain,37.1310577,-122.1680218
380,Italy,Northeastern Italy,Vigneti delle Dolomiti,46.4102117,11.8440351
386,US,California,Arroyo Seco,36.4135756,-121.3424305
388,France,Burgundy,Côtes de Nuits Villages,47.0831185,4.9145067
389,Australia,South Australia,Adelaide Hills,-34.9062557,138.8397403
396,Italy,Piedmont,Barbera d'Asti Superiore,44.9007652,8.206431499999999
404,US,California,Oak Knoll District,38.35833,-122.33389
405,Italy,Piedmont,Barbera d'Alba,44.7009153,8.0356911
406,US,Oregon,Rogue Valley,42.4401246,-122.9261546
408,US,Oregon,Oregon,43.8041334,-120.5542012
413,Australia,Victoria,Yarra Valley,-37.7450808,145.7133909
417,France,Loire Valley,Pouilly-Fumé,47.5532402,1.0105289
421,US,California,Arroyo Grande Valley,35.1443363,-120.543623
428,US,California,Carneros-Napa Valley,38.2554723,-122.3349422
429,Spain,Central Spain,Vino de la Tierra de Castilla,41.59491,-4.575127
430,US,California,Moon Mountain District Sonoma County,38.3408187,-122.4731735
448,Argentina,Other,Argentina,-38.416097,-63.61667199999999
450,France,Southwest France,Bergerac Rosé,44.860025,0.5030859999999999
452,France,Southwest France,Côtes du Lot,45.82137830000001,5.6152238
461,Spain,Catalonia,Priorat,41.23797829999999,0.7913226999999999
479,France,Bordeaux,Pessac-Léognan,44.727859,-0.59709
480,France,Bordeaux,Bordeaux Supérieur,44.82929670000001,-0.5693851999999999
486,US,California,Calistoga,38.5787965,-122.5797054
495,France,Bordeaux,Bordeaux,44.837789,-0.57918
505,Australia,South Australia,McLaren Vale,-35.2210309,138.5461247
517,US,New York,North Fork of Long Island,40.97132149999999,-72.6261244
518,US,California,Lake County,39.08396440000001,-122.8084496
521,France,Loire Valley,Cour-Cheverny,47.508733,1.457552
523,France,Burgundy,Aloxe-Corton,47.065692,4.85994
530,Italy,Tuscany,Vino Nobile di Montepulciano,43.091508,11.780005
543,Italy,Piedmont,Alta Langa,44.5894434,8.1440557
554,Italy,Italy Other,Vino da Tavola,41.768199,12.470148
555,Italy,Piedmont,Langhe,45.0522366,7.5153885
561,France,Provence,Côtes de Provence Sainte-Victoire,43.5319728,5.6127511
563,France,Provence,Côtes de Provence La Londe,43.118195,6.1501952
585,Spain,Catalonia,Penedès,41.3461265,1.6979398
587,Italy,Lombardy,Valtellina Superiore,46.1727525,10.0673637
594,US,California,Oakville,38.4366996,-122.402785
597,US,California,Mendocino,39.3076744,-123.7994591
613,Australia,Tasmania,Tasmania,-41.4545196,145.9706647
621,France,Southwest France,Côtes de Bergerac,44.865492,0.5179294999999999
624,France,Beaujolais,Morgon,46.1458679,4.6757066
627,Italy,Lombardy,Lugana,45.9862544,8.969988899999999
631,US,California,Sonoma Mountain,38.3229698,-122.5749837
634,US,Virginia,Virginia,37.4315734,-78.6568942
635,Argentina,Other,Cafayate,-26.0730798,-65.976052
637,Argentina,Other,Alto Valle del Río Negro,-39.0319100,-67.5726240
644,US,Washington,Naches Heights,46.6536279,-120.6541983
645,US,New York,Long Island,40.789142,-73.13496099999999
646,Spain,Levante,Jumilla,38.4740856,-1.3253548
648,US,California,Sonoma County,38.5779555,-122.9888319
658,France,Burgundy,Mercurey,46.833678,4.721636999999999
666,US,California,San Luis Obispo County,35.3102296,-120.4357631
686,France,Burgundy,Saint-Aubin,46.950588,4.707633
695,US,California,Spring Mountain District,37.4133977,-122.0831673
710,France,Burgundy,Puligny-Montrachet,46.945092,4.753296
731,France,Bordeaux,Margaux,38.0728527,-78.48755709999999
751,Spain,Northern Spain,Navarra,42.6953909,-1.6760691
752,US,New York,Cayuga Lake,42.6776693,-76.6990172
753,France,Rhône Valley,Collines Rhôdaniennes,44.952398,6.4840823
754,US,New York,New York,40.7127753,-74.0059728
756,Italy,Veneto,Veronese,45.43838419999999,10.9916215
759,US,Washington,Washington,47.7510741,-120.7401385
767,Spain,Catalonia,Terra Alta,41.07922569999999,0.3371889
768,Italy,Tuscany,Bolgheri Superiore,43.2336764,10.6170139
771,Spain,Northern Spain,Campo de Borja,41.8311685,-1.443469
774,France,Southwest France,Côtes du Marmandais,48.626397,-2.2504209
777,France,Southwest France,Fronton,43.840098,1.389654
782,Italy,Lombardy,Terrazze Retiche di Sondrio,46.1727636,9.799491699999999
789,US,Oregon,Applegate Valley,45.4445415,-122.5173059
792,France,Burgundy,Gevrey-Chambertin,47.225962,4.968738999999999
800,France,Burgundy,Volnay,47.001011,4.781678
803,Spain,Central Spain,Valdepeñas,38.7605618,-3.3876655
810,Argentina,Mendoza Province,Uco Valley,-33.6045577,-69.2234272
814,France,Loire Valley,Muscadet Sèvre et Maine,47.1930753,-1.5414887
822,US,California,Shenandoah Valley (CA),38.5348836,-120.792458
824,US,California,Temecula Valley,33.49407,-117.146909
836,US,California,Mendocino Ridge,39.33667,-123.3
838,France,Burgundy,Bourgogne Hautes Côtes de Beaune,47.01346580000001,4.815776100000001
841,US,California,Ballard Canyon,34.6354195,-120.1479918
842,France,France Other,Vin de France,38.6213413,-90.21295549999999
843,Spain,Andalucia,Vino de la Tierra de Cádiz,36.780398,-5.704006
863,France,Southwest France,Monbazillac,44.793529,0.492161
866,France,Southwest France,Montravel,44.855598,0.065677
869,Italy,Piedmont,Roero,44.77926919999999,7.9384998
872,Spain,Northern Spain,Bierzo,42.59219239999999,-6.663812
875,France,Southwest France,Pacherenc du Vic Bilh,46.227638,2.213749
896,Argentina,Other,La Rioja,40.7612634,-73.923382
910,US,Washington,Snipes Mountain,46.3285409,-120.0082522
916,US,California,Calaveras County,38.1960477,-120.6805037
918,France,Bordeaux,Sauternes,44.856263,-0.4886990000000001
933,France,Bordeaux,Médoc,30.0346798,-90.2545231
950,US,California,Mt. Harlan,36.6974604,-121.405214
952,France,Bordeaux,Fronsac,44.820179,-0.6000829999999999
969,France,Southwest France,Bergerac Sec,48.9256884,2.478422
990,US,California,El Dorado,38.6801437,-120.8412807
1003,France,Bordeaux,Bordeaux Rosé,45.575063,-73.82834
1005,France,Burgundy,Savigny-lès-Beaune,47.063402,4.817946
1037,Italy,Southern Italy,Taurasi,41.0125228,14.9680914
1058,Italy,Piedmont,Coste della Sesia,45.652961,8.2740788
1087,France,Bordeaux,Cadillac Côtes de Bordeaux,44.63702199999999,-0.320481
1088,France,Bordeaux,Blaye Côtes de Bordeaux,45.127331,-0.662843
1095,US,Washington,Lake Chelan,48.0269741,-120.3377317
1116,France,Beaujolais,Brouilly,45.844705,4.40916
1118,US,California,Yountville,38.40157809999999,-122.3608105
1167,Australia,South Australia,Barossa Valley,-34.5333333,138.95
1169,Australia,Victoria,Nagambie Lakes,-36.7842847,145.1417222
1170,Italy,Sicily & Sardinia,Sicilia,37.5999938,14.0153557
1176,France,Southwest France,Saint-Mont,43.650444,-0.147616
1177,US,California,Chalone,36.4701483,-121.2298501
1180,Italy,Southern Italy,Aglianico del Vulture,41.87194,12.56738
1191,US,Oregon,Columbia Gorge (OR),45.7247667,-121.5718789
1192,US,Oregon,Elkton Oregon,43.6376174,-123.568152
1205,US,California,Mendocino-Lake,39.2173837,-123.171699
1207,US,California,Paicines,36.7289127,-121.2788708
1209,US,Idaho,Idaho,44.0682019,-114.7420408
1223,US,California,Pine Mountain-Cloverdale Peak,38.854586,-122.96574
1230,Spain,Northern Spain,Somontano,42.1177335,0.03732009999999999
1245,US,California,Cienega Valley,36.7099602,-121.3349326
1261,US,California,Yorkville Highlands,38.875393,-123.108287
1265,Spain,Catalonia,Conca de Barberà,41.4745038,1.2506002
1266,US,California,Dunnigan Hills,38.794346,-121.9552466
1289,France,Loire Valley,Châteaumeillant,47.5532402,1.0105289
1292,France,Bordeaux,Côtes de Bourg,45.040507,-0.555353
1306,US,California,Clements Hills,34.0700545,-118.3835842
1310,US,California,North Coast,38.01925230000001,-122.8631254
1311,US,Washington,Rattlesnake Hills,46.6020711,-120.5058987
1341,US,California,Sonoma-Napa,38.291859,-122.4580356
1354,US,California,Atlas Peak,38.450743,-122.2627529
1355,France,Burgundy,Crémant de Bourgogne,47.084575,4.851313
1356,France,France Other,Mediterranée,46.227638,2.213749
1357,Italy,Southern Italy,Sannio,41.5214585,14.3931399
1368,Italy,Southern Italy,Falanghina del Sannio,41.87194,12.56738
1446,US,California,Marin County,38.083403,-122.7633036
1450,Canada,Ontario,Niagara Peninsula,43.067547,-79.130163
1455,US,California,Yolo County,38.7646021,-121.9017954
1470,US,California,Bennett Valley,38.4035096,-122.6412853
1481,US,Virginia,Monticello,38.0086043,-78.4531994
1494,France,Loire Valley,Chinon,47.167296,0.240385
1495,France,Loire Valley,Vouvray,47.412068,0.799248
1498,France,Bordeaux,Bordeaux Blanc,44.8277881,-0.5933174999999999
1506,France,Rhône Valley,Tavel,44.01293,4.698161
1507,France,France Other,Vin de Savoie,45.4932045,6.472399999999999
1526,Italy,Piedmont,Nebbiolo d'Alba,44.7009153,8.0356911
1527,Italy,Piedmont,Colline Novaresi,45.0522366,7.5153885
1535,Italy,Southern Italy,Fiano di Avellino,40.9110653,14.8676586
1540,US,Oregon,Columbia Valley (OR),47.4523058,-120.822886
1583,France,Provence,Coteaux Varois en Provence,43.39375099999999,6.040819
1591,Italy,Southern Italy,Greco di Tufo,41.0103664,14.8197596
1625,France,Rhône Valley,Costières de Nîmes,43.8380074,4.360158699999999
1633,France,Southwest France,Jurançon Sec,43.310567,-0.482417
1663,US,California,Napa,38.2975381,-122.286865
1671,US,California,Chalk Hill,38.6037982,-122.7772125
1684,US,California,Placer County,39.0915751,-120.8039474
1701,US,California,Monterey,36.6002378,-121.8946761
1704,France,Burgundy,Rully,46.875041,4.740823
1713,Australia,South Australia,South Australia,-30.0002315,136.2091547
1720,Australia,South Australia,Eden Valley,-34.6546423,139.1009757
1722,Australia,South Australia,Langhorne Creek,-35.29625559999999,139.038277
1733,Spain,Northern Spain,Vino de la Tierra de Castilla y León,40.682202,-73.980116
1779,France,Burgundy,Nuits-St.-Georges,47.137985,4.9503199
1820,France,Rhône Valley,Luberon,44.6953067,4.7981587
1835,France,Burgundy,Saint-Romain,46.99825800000001,4.708748
1842,France,Beaujolais,Juliénas,46.235505,4.709970999999999
1857,US,Colorado,Grand Valley,39.0638705,-108.5506486
1860,US,Colorado,Colorado,39.5500507,-105.7820674
1861,US,Arizona,Cochise County,31.82845799999999,-109.949686
1884,Italy,Sicily & Sardinia,Terre Siciliane,37.5999938,14.0153557
1886,Italy,Sicily & Sardinia,Cannonau di Sardegna,40.1208752,9.012892599999999
1889,Australia,Victoria,Victoria,48.4284207,-123.3656444
1926,Spain,Catalonia,Catalunya,41.5911589,1.5208624
1949,Spain,Catalonia,Alella,41.4919653,2.2940817
1970,US,California,Templeton Gap District,35.5496939,-120.7060049
1973,Italy,Tuscany,Colli della Toscana Centrale,44.0839717,10.3934847
1978,US,Washington,Ancient Lakes,47.1508517,-119.9631178
1981,US,California,Red Hills Lake County,38.9152184,-122.7546074
1991,Italy,Central Italy,Lambrusco di Sorbara,44.7507818,11.0034913
2020,Italy,Northeastern Italy,Trentino,46.0512004,11.1175392
2036,Spain,Northern Spain,Cariñena,41.3370805,-1.2241497
2040,France,Burgundy,Marsannay,47.270302,4.988667
2041,France,Burgundy,Meursault,46.97822499999999,4.768746
2052,US,California,Clarksburg,38.4198403,-121.5294026
2107,US,California,Fair Play,38.5935173,-120.6604855
2131,Italy,Italy Other,Vino Spumante,45.807568,12.497794
2148,US,California,Humboldt County,40.7450055,-123.8695086
2156,Italy,Northeastern Italy,Alto Adige Valle Isarco,46.94603619999999,11.4508614
2178,Australia,Australia Other,Australia,-31.91454,115.818194
2224,France,Loire Valley,Muscadet,47.5532402,1.0105289
2236,Argentina,Other,Salta,40.7630112,-111.8773486
2241,Australia,South Australia,Barossa,-34.5333333,138.95
2275,France,Loire Valley,Reuilly,47.8946915,2.0388396
2277,France,Loire Valley,Menetou-Salon,47.2320769,2.488352
2282,France,Loire Valley,Quincy,48.014277,3.088529
2319,Argentina,Other,Patagonia,39.603624,-106.517055
2322,US,California,Temecula,33.4936391,-117.1483648
2326,France,Southwest France,Marcillac,45.269046,-0.5232089999999999
2375,France,Burgundy,Montagny,46.70326,4.672936
2409,US,Arizona,Arizona,34.0489281,-111.0937311
2415,France,Bordeaux,Lussac Saint-Émilion,44.9506726,-0.09517529999999999
2418,US,California,Contra Costa County,37.8534093,-121.9017954
2424,France,Bordeaux,Saint-Estèphe,44.81959310000001,-0.6007912
2451,Italy,Tuscany,Vin Santo del Chianti Classico,43.41949839999999,11.3610074
2454,Italy,Tuscany,Vin Santo del Chianti Rufina,43.7983982,11.4683869
2464,Italy,Piedmont,Barbera d'Alba Superiore,44.7009153,8.0356911
2508,Spain,Levante,Alicante,38.3413076,-0.4796685
2521,France,Burgundy,Meursault-Blagny,46.9547994,4.7271266
2528,Italy,Tuscany,Rosso di Toscana,43.7710513,11.2486208
2534,Italy,Sicily & Sardinia,Valli di Porto Pino,38.9636015,8.5954553
2541,Italy,Sicily & Sardinia,Alcamo,37.9770338,12.9564809
2554,Australia,South Australia,Wrattonbully,-37.1624826,140.9351108
2610,US,North Carolina,Swan Creek,36.1784676,-80.8689607
2612,France,Loire Valley,Touraine,47.5384746,-0.435333
2624,US,Oregon,Southern Oregon,42.7976791,-122.4332992
2634,France,Provence,Coteaux d'Aix-en-Provence,43.5332825,5.440235400000001
2661,US,California,Redwood Valley,39.2652491,-123.2041429
2662,Spain,Northern Spain,Getariako Txakolina,43.3077339,-2.2021494
2679,Italy,Southern Italy,Costa d'Amalfi,40.6333389,14.6028963
2690,Italy,Sicily & Sardinia,Eloro,36.8500963,15.1095323
2825,Italy,Piedmont,Barbera d'Asti,44.7940883,8.3488793
2881,France,Bordeaux,Saint-Émilion,44.8927228,-0.1960024
2924,France,Burgundy,Bourgogne,47.0525047,4.3837215
2945,US,California,Santa Barbara,34.4208305,-119.6981901
2959,France,Bordeaux,Castillon Côtes de Bordeaux,40.7684892,-73.9589049
2993,France,Southwest France,Saussignac,44.800008,0.326801
2995,US,California,Los Carneros,34.4357427,-119.8570982
3021,Australia,South Australia,Clare Valley,-33.8335699,138.61
3046,Italy,Veneto,Soave Classico Superiore,45.4223008,11.2485921
3056,France,Burgundy,Saint-Véran,44.700836,6.868570999999999
3061,Australia,Western Australia,Western Australia,-27.6728168,121.6283098
3080,Argentina,Other,Tulum Valley,,
3090,US,California,Nevada County,39.1346666,-121.1710389
3129,US,California,Napa County,38.5024689,-122.2653887
3131,Argentina,Mendoza Province,Maipú,-32.9846649,-68.7884399
3137,Spain,Levante,Utiel-Requena,39.523061,-1.1493796
3164,Italy,Southern Italy,Campania,41.10994729999999,14.8475139
3190,Spain,Levante,Vino de la Tierra de Castelló,39.986356,-0.051325
3220,France,Southwest France,Bergerac,44.853806,0.483392
3227,US,California,Fiddletown,38.5039105,-120.7565689
3259,Italy,Southern Italy,Puglia,40.7928393,17.1011931
3262,Italy,Southern Italy,Irpinia,41.87194,12.56738
3264,France,Burgundy,Mâcon-Lugny,46.471672,4.80982
3274,Spain,Galicia,Monterrei,41.9470179,-7.449239599999999
3286,France,Provence,Var,43.46764599999999,6.2375947
3287,Italy,Central Italy,Lambrusco Grasparossa di Castelvetro,44.5041498,10.9457811
3304,Italy,Tuscany,Pomino,43.81774799999999,11.5481573
3319,France,Southwest France,Landes,43.9412045,-0.7532808999999999
3347,Italy,Sicily & Sardinia,Vittoria,40.9224649,9.4886293
3394,Argentina,Mendoza Province,La Consulta,-33.7339291,-69.1199066
3415,Italy,Tuscany,Chianti Rufina,43.862071,11.504273
3441,Argentina,Other,Calchaquí Valley,-26.074624,-65.978308
3451,France,Loire Valley,Val de Loire,47.5532402,1.0105289
3479,Spain,Levante,Valencia,39.4948455,-0.3643771000000001
3509,Italy,Northeastern Italy,Isonzo del Friuli,46.0657211,13.6016763
3516,US,California,Potter Valley,39.3221089,-123.113059
3547,Italy,Sicily & Sardinia,Faro,40.593099,8.205112999999999
3564,Spain,Central Spain,Dominio de Valdepusa,40.46366700000001,-3.74922
3616,Australia,New South Wales,Riverina,-35.1081689,147.3598323
3625,US,New York,Seneca Lake,42.6918497,-76.92019200000001
3644,US,California,High Valley,34.4916908,-117.2785979
3725,US,California,San Benito County,36.5760883,-120.9876321
3827,France,Burgundy,Saint-Bris,47.744005,3.647396
3936,France,Languedoc-Roussillon,Sable de Camargue,43.68694259999999,4.618142499999999
3984,US,Virginia,Shenandoah Valley,38.4834568,-78.84974849999999
3993,Italy,Veneto,Soave Colli Scaligeri,45.422217,11.2490718
4019,US,California,San Luis Obispo,35.2827524,-120.6596156
4046,Spain,Northern Spain,Rueda,40.46366700000001,-3.74922
4158,US,Virginia,Middleburg,38.9687211,-77.7355496
4191,France,Languedoc-Roussillon,Pays d'Oc,43.570642,3.877218
4257,France,Loire Valley,Bourgueil,47.282487,0.168611
4318,US,North Carolina,North Carolina,35.7595731,-79.01929969999999
4319,US,North Carolina,Yadkin Valley,36.2023597,-80.6770787
4326,France,Burgundy,Corton,38.0178541,-122.5389977
4337,Italy,Tuscany,Chianti Superiore,43.7710513,11.2486208
4351,Italy,Sicily & Sardinia,Erice,40.1208752,9.012892599999999
4370,US,California,Suisun Valley,38.2672144,-122.1130027
4409,Australia,South Australia,Fleurieu Peninsula,-35.5,138.5
4461,Italy,Tuscany,Chianti,43.500373,11.233327
4470,US,California,Monterey-Santa Barbara,34.4217857,-119.7268477
4474,France,Burgundy,Corton Vergennes,47.073505,4.875509
4475,France,Burgundy,Corton-Rognet,47.071463,4.874325
4477,France,Rhône Valley,Hermitage,45.0717763,4.8458006
4570,Italy,Veneto,Soave Superiore,45.76233329999999,11.690976
4579,US,California,Stags Leap District,38.4141825,-122.3213126
4636,Italy,Northeastern Italy,Friuli Grave,46.2259177,13.1033646
4648,Spain,Northern Spain,Calatayud,41.3531678,-1.6468455
4655,France,Rhône Valley,Lirac,44.03527500000001,4.693796
4659,France,Rhône Valley,Condrieu,45.4617223,4.7680113
4666,France,Burgundy,Chambolle-Musigny,47.185496,4.952888
4673,France,Burgundy,Vosne-Romanée,47.159051,4.954572
4695,Australia,Australia Other,South Eastern Australia,-38.0913232,145.1672922
4714,Italy,Tuscany,Colli Etruria Centrale,43.7710513,11.2486208
4722,Italy,Tuscany,Carmignano,43.8007472,11.0146187
4768,Italy,Sicily & Sardinia,Isola dei Nuraghi,40.1208752,9.012892599999999
4775,France,Bordeaux,Pauillac,45.2249531,-0.7724358
4776,France,Bordeaux,Haut-Médoc,44.873245,-0.63703
4802,France,France Other,Vin de Pays de la Méditerranée,43.4983013,4.1403795
4808,Italy,Northeastern Italy,Venezie,45.4408474,12.3155151
4810,France,Burgundy,Côte de Nuits-Villages,47.13176259999999,4.9721271
4872,France,Burgundy,Chevalier-Montrachet,46.945092,4.753296
4885,France,Burgundy,Chambertin,47.225962,4.968739
4886,France,Burgundy,Romanée-St.-Vivant,47.17194139999999,4.886576199999999
4963,France,France Other,Charentais,45.7519958,0.1534761
4968,US,California,Northern Sonoma,38.291859,-122.4580356
4971,France,Bordeaux,Lalande de Pomerol,44.96054600000001,-0.2085963
4979,Italy,Northeastern Italy,Venezia Giulia,46.2259177,13.1033646
4982,France,Southwest France,Côtes de Duras,44.676485,0.17921
5008,Spain,Galicia,Ribeiro,42.2985501,-8.1775638
5017,France,Bordeaux,Francs Côtes de Bordeaux,45.537101,-73.6979655
5076,France,Rhône Valley,Gigondas,44.163231,5.0041804
5108,Italy,Sicily & Sardinia,Contessa Entellina,37.7062777,13.2592385
5137,Australia,Western Australia,Great Southern,-34.2622604,119.3972532
5138,Australia,South Australia,Coonawarra,-37.28746,140.8553875
5167,France,Burgundy,Côte Chalonnaise,46.771428,4.696702999999999
5194,Italy,Southern Italy,Colli di Salerno,40.6794227,14.8641034
5198,France,Rhône Valley,Saint-Joseph,44.952398,6.4840823
5222,Italy,Veneto,Valpolicella Classico Superiore Ripasso,45.76233329999999,11.690976
5228,Italy,Veneto,Valpolicella Superiore Ripasso,45.76233329999999,11.690976
5235,US,New Mexico,New Mexico,34.5199402,-105.8700901
5243,Spain,Northern Spain,Vino de Calidad de Valtiendas,41.4781804,-3.9174139
5245,Italy,Central Italy,Colli Aprutini,42.4038909,13.9724141
5255,Italy,Central Italy,Rubicone,44.0845688,12.3542982
5267,France,Beaujolais,Chiroubles,46.180983,4.665474
5268,Italy,Southern Italy,Salento,40.42336419999999,17.9531836
5277,France,Alsace,Crémant d'Alsace,48.0224427,7.284550800000001
5292,Italy,Piedmont,Barbera di Piemonte,45.0522366,7.5153885
5294,Italy,Piedmont,Barbera d'Asti Superiore Nizza,44.9007652,8.206431499999999
5299,Italy,Piedmont,Dogliani,44.5319723,7.949748199999999
5365,Italy,Sicily & Sardinia,Contea di Sclafani,37.7991465,13.8564085
5392,Italy,Central Italy,Terre di Chieti,42.0334428,14.3791912
5393,Italy,Central Italy,Sangiovese di Romagna,44.5967607,11.2186396
5394,Italy,Central Italy,Offida Passerina,42.9408629,13.6965046
5400,Italy,Central Italy,Montepulciano d'Abruzzo,42.215658,14.219503
5416,US,Missouri,Missouri,39.2408369,-94.2880031
5429,Italy,Southern Italy,Primitivo di Manduria,40.3733605,17.6452085
5430,Italy,Southern Italy,Salice Salentino,40.385073,17.9652521
5432,France,Beaujolais,Chénas,46.212457,4.719626
5436,France,Southwest France,Comté Toulosan,46.227638,2.213749
5437,France,Beaujolais,Fleurie,46.192646,4.6974557
5441,Italy,Southern Italy,Cirò,39.3811686,17.0673088
5469,France,Loire Valley,Crémant de Loire,47.2702304,-0.1047236
5510,Spain,Central Spain,Manchuela,40.46366700000001,-3.74922
5532,Spain,Northern Spain,Tierra del Viños de Zamora,41.35375,-5.768549999999999
5533,Spain,Spanish Islands,Vi de la Terra Mallorca,39.6952629,3.0175712
5554,France,Burgundy,Bourgogne Aligoté,47.9691454,3.2469873
5586,Italy,Central Italy,Rosso Conero,41.87194,12.56738
5588,Italy,Central Italy,Lazio,41.6552418,12.989615
5632,US,California,San Pasqual,33.0831683,-116.9911288
5653,US,Oregon,Walla Walla Valley (OR),46.0655953,-118.3387429
5671,US,California,Monterey County-Napa County-Sonoma County,38.5024689,-122.2653887
5730,France,Burgundy,Coteaux Bourguignons,48.121839,4.385485
5751,US,California,Ventura County,34.3704884,-119.1390642
5787,US,Oregon,Yamhill-Carlton District,45.2942902,-123.1796697
5824,US,California,Napa-Sonoma,38.2916073,-122.457266
5898,France,Burgundy,Pernand-Vergelesses,47.084575,4.851313
5911,US,Oregon,Oregon Other,39.0870966,-94.4187278
5934,Italy,Central Italy,Verdicchio dei Castelli di Jesi Classico,41.87194,12.56738
5935,Italy,Central Italy,Frascati Superiore,41.87194,12.56738
5942,Italy,Central Italy,Sagrantino di Montefalco,42.88929359999999,12.6502843
5949,Australia,Western Australia,Margaret River,-33.955,115.075
5963,Spain,Andalucia,Montilla-Moriles,36.7287633,-4.299830099999999
5968,France,Rhône Valley,Ventoux,44.1740851,5.2786797
5971,Italy,Sicily & Sardinia,Cerasuolo di Vittoria,36.9520998,14.5372653
5974,France,Southwest France,Lot,44.5379358,1.6760691
6076,Italy,Southern Italy,Sant' Agata dei Goti,41.0895812,14.4998955
6079,France,Burgundy,Monthélie,46.99248799999999,4.76562
6081,France,Burgundy,Mâcon-Chardonnay,46.302479,4.816992
6092,France,Rhône Valley,Vin de Pays des Collines Rhodaniennes,45.123501,4.930746
6099,Spain,Central Spain,Mentrida,40.2394809,-4.1936206
6105,Italy,Central Italy,Lambrusco Reggiano,41.87194,12.56738
6110,Italy,Central Italy,Colli Piacentini,41.87194,12.56738
6117,Argentina,Mendoza Province,Perdriel,-33.0764292,-68.8868944
6123,Italy,Southern Italy,Val di Neto,39.138697,17.09132
6126,France,Beaujolais,Côte de Brouilly,45.844705,4.40916
6129,France,Beaujolais,Beaujolais,46.1134349,4.7263863
6132,France,Beaujolais,Régnié,46.136803,4.641050
6222,France,Burgundy,Morey-Saint-Denis,47.195673,4.962496
6271,Italy,Central Italy,Marche,43.5058744,12.989615
6299,Italy,Sicily & Sardinia,Vermentino di Sardegna,40.1208752,9.012892599999999
6441,Italy,Central Italy,Verdicchio dei Castelli di Jesi,41.87194,12.56738
6501,Argentina,Other,Jujuy,-24.1843397,-65.302177
6633,Italy,Southern Italy,Epomeo,40.73023269999999,13.8942535
6676,France,Beaujolais,Beaujolais-Villages,38.3381283,-122.6705029
6678,Italy,Southern Italy,Basilicata,40.6430766,15.9699878
6725,Argentina,Other,Neuquén,-38.9521163,-68.2278178
6851,Italy,Northeastern Italy,Delle Venezie,45.4408474,12.3155151
6871,Italy,Southern Italy,Terre del Volturno,41.2498012,14.1933646
6896,France,Rhône Valley,Vacqueyras,44.13846299999999,4.982689
6948,France,France Other,Arbois,46.902851,5.772342
6992,Italy,Tuscany,Montescudaio,43.326165,10.6265654
6996,Italy,Tuscany,Chianti Colli Fiorentini,43.77931359999999,11.2406457
6998,Italy,Tuscany,Chianti Montalbano,43.816745,10.869916
6999,Italy,Tuscany,Vin Santo di Carmignano,43.8239285,10.9953269
7036,Italy,Central Italy,Sangiovese di Romagna Superiore,44.5967607,11.2186396
7039,Italy,Central Italy,Circeo,41.2325301,13.0883596
7040,Italy,Central Italy,Umbria,42.938004,12.6216211
7058,Italy,Southern Italy,Aglianico del Taburno,41.1308729,14.6472491
7062,Italy,Sicily & Sardinia,Salina,41.5842628,12.5064418
7072,US,California,Napa County-Sonoma County-San Joaquin County,38.2492967,-122.275377
7138,Australia,South Australia,Clare Valley-Coonawarra,-33.8335699,138.61
7162,Italy,Veneto,Amarone della Valpolicella,45.536392,10.946674
7210,Italy,Central Italy,Lambrusco dell'Emilia,44.5967607,11.2186396
7223,Italy,Northeastern Italy,Alto Adige Terlano,46.5384622,11.2421084
7270,France,Burgundy,Mâcon-Vinzelles,46.271707,4.768609
7320,Italy,Tuscany,Rosso di Montepulciano,43.090018,11.779201
7408,France,Bordeaux,Montagne-Saint-Émilion,44.892394,-0.1646876
7418,Italy,Tuscany,Vernaccia di San Gimignano,43.4688988,11.0216314
7432,Italy,Veneto,Valpolicella Superiore,45.76233329999999,11.690976
7442,Italy,Tuscany,Morellino di Scansano,42.6877372,11.3327819
7469,Spain,Catalonia,Pla de Bages,41.7205802,1.8397962
7533,Italy,Veneto,Valpolicella Classico Superiore,45.76233329999999,11.690976
7575,France,Beaujolais,Beaujolais Blanc,46.0412957,4.635594
7587,Spain,Central Spain,Almansa,38.8702789,-1.0993366
7617,France,Provence,Coteaux Varois,43.39375099999999,6.040819
7629,Italy,Northeastern Italy,Friuli Isonzo,46.0657211,13.6016763
7654,France,Provence,Vin de Pays Var,43.46764599999999,6.2375947
7691,US,California,Central Valley,40.19987769999999,-122.2011075
7714,US,California,Sonoma-Napa-Lake,38.5471475,-122.5103454
7717,US,California,Napa-Carneros,38.2556506,-122.3301648
7756,France,Burgundy,Auxey-Duresses,46.986357,4.747390999999999
7783,Spain,Central Spain,Vinos de Madrid,40.4162902,-3.708092199999999
7810,Italy,Veneto,Conegliano Valdobbiadene Prosecco Superiore,45.915836,12.166491
7827,France,Rhône Valley,Vin de Pays du Gard,43.9446996,4.1513764
7834,Italy,Veneto,Valpolicella Ripasso,45.76233329999999,11.690976
7845,Italy,Veneto,Valpolicella Ripasso Valpantena,45.5333333,11
7848,Argentina,Mendoza Province,San Rafael,-34.6128922,-68.3390622
7859,US,California,Cole Ranch,35.9733,-119.035202
7860,Italy,Central Italy,Torgiano,43.0273158,12.432391
7913,Italy,Tuscany,Rosso di Montalcino,42.967171,11.437808
7956,Italy,Veneto,Veneto,45.76233329999999,11.690976
7969,France,Rhône Valley,Crozes-Hermitage,44.952398,6.4840823
8004,France,Beaujolais,Moulin-à-Vent,46.070956,4.6329209
8008,France,Beaujolais,Beaujolais Rosé,46.1178204,4.7451317
8015,Italy,Sicily & Sardinia,Monica di Sardegna,37.5999938,14.0153557
8055,Italy,Veneto,Rosso del Veronese,45.4437804,10.9800636
8063,Italy,Piedmont,Moscato d'Asti,44.9007652,8.206431499999999
8065,Italy,Tuscany,Maremma,43.13439140000001,11.0111351
8066,Australia,Victoria,Bendigo,-36.7570157,144.2793906
8069,France,Languedoc-Roussillon,Vin de Pays d'Oc,43.570642,3.877218
8076,France,Languedoc-Roussillon,Crémant de Limoux,43.0538517,2.218122
8091,Italy,Northeastern Italy,Colli Orientali del Friuli,46.2259177,13.1033646
8114,France,Languedoc-Roussillon,Maury,42.811253,2.593028
8138,Spain,Levante,Yecla,38.6122134,-1.110112
8150,Australia,South Australia,Adelaide,-34.9284989,138.6007456
8169,Italy,Veneto,Prosecco di Conegliano e Valdobbiadene,45.90176700000001,11.997387
8171,Italy,Veneto,Prosecco del Veneto,45.90032799999999,12.0982601
8173,Italy,Veneto,Prosecco di Conegliano,45.8908744,12.3032717
8174,Italy,Veneto,Prosecco di Valdobbiadene,45.915836,12.166491
8202,France,Languedoc-Roussillon,Coteaux du Languedoc,43.582593,3.89098
8233,Italy,Sicily & Sardinia,Carignano del Sulcis,40.1208752,9.012892599999999
8235,France,Languedoc-Roussillon,Rivesaltes,42.768583,2.871763000000001
8243,France,Languedoc-Roussillon,Corbières-Boutenac,43.1485716,2.79395
8284,Italy,Southern Italy,Falerno del Massico,41.1348599,13.9724141
8288,Australia,Western Australia,Frankland River,-34.351814,117.0654331
8290,Australia,South Australia,Lenswood,-34.9172455,138.8315666
8294,Australia,Victoria,Mornington Peninsula,-38.2854053,145.093449
8306,US,Washington,Chelan County,47.9445331,-120.6749068
8308,France,Loire Valley,Saumur,47.260135,-0.08089299999999999
8337,France,Rhône Valley,Rasteau,44.231277,4.986897
8353,France,Languedoc-Roussillon,Banyuls,42.48343,3.128874
8366,Italy,Piedmont,Dolcetto d'Alba,44.5829304,7.96789
8381,Argentina,Mendoza Province,Vista Flores,-33.6509809,-69.1558647
8385,Italy,Southern Italy,Roccamonfina,41.2833333,13.9666667
8387,Australia,New South Wales,Hunter Valley,-32.1932173,151.700565
8454,US,New York,Lake Erie,42.0668852,-81.3399414
8499,Spain,Northern Spain,Arribes del Duero,41.1947261,-6.556988199999999
8533,US,California,Sonoma County-Monterey County-Santa Barbara County,38.4473235,-122.730368
8547,US,California,Anderson Valley-Sonoma County-Cole Ranch,39.0865657,-123.4794542
8562,Italy,Tuscany,Tuscany,43.7710513,11.2486208
8584,Spain,Central Spain,Tierra de Castilla,40.46366700000001,-3.74922
8675,Italy,Southern Italy,Leverano,40.2896113,18.0004304
8765,Australia,South Australia,Clarendon,-35.1054491,138.6297435
8791,Italy,Central Italy,Trebbiano d'Abruzzo,42.1920119,13.7289167
8806,Italy,Sicily & Sardinia,Sardinia,40.89983410000001,8.680156799999999
8871,Australia,South Australia,Piccadilly Valley,-34.983333,138.733333
8907,France,France Other,France,48.85968339999999,2.3633812
8935,Italy,Piedmont,Monferrato,44.8175587,8.7046627
8962,Italy,Northeastern Italy,Teroldego Rotaliano,41.87194,12.56738
8976,France,Languedoc-Roussillon,Limoux,43.053289,2.218142
8982,France,Southwest France,Jurançon,43.287723,-0.390892
9015,Italy,Piedmont,Dolcetto di Dogliani,44.5525276,7.9210805
9048,France,Languedoc-Roussillon,Cabardes,43.266725,2.284797
9084,France,Rhône Valley,Muscat de Beaumes de Venise,44.121721,5.031427
9090,Australia,New South Wales,New South Wales,-31.2532183,146.921099
9127,Italy,Central Italy,Verdicchio dei Castelli di Jesi Classico Superiore,41.87194,12.56738
9174,US,California,Napa-Mendocino-Sonoma,38.2949874,-122.4760013
9179,Italy,Piedmont,Gavi,44.6880915,8.8037472
9186,US,California,Napa-Mendocino-Sonoma-Marin,38.2975381,-122.286865
9196,US,California,Alta Mesa,37.398829,-122.1346859
9224,France,Languedoc-Roussillon,Languedoc,43.5912356,3.2583626
9231,Italy,Sicily & Sardinia,Alghero,40.5772757,8.3148796
9240,Italy,Southern Italy,Aglianico del Beneventano,41.87194,12.56738
9272,Italy,Piedmont,Dolcetto di Dogliani Superiore,44.5525276,7.9210805
9287,Italy,Northeastern Italy,Trentino Superiore,46.0512004,11.1175392
9309,Italy,Southern Italy,Primitivo del Tarantino,41.87194,12.56738
9346,Italy,Piedmont,Gavi di Gavi,44.6880915,8.8037472
9350,Australia,Victoria,King Valley,-36.69472200000001,146.401667
9353,US,California,Chiles Valley,38.5329633,-122.3271994
9377,France,Languedoc-Roussillon,Minervois,43.3270136,2.528199400000001
9465,France,Loire Valley,Savennières-Coulée de Serrant,47.389353,-0.641455
9498,Italy,Piedmont,Diano d'Alba,44.64998809999999,8.0271337
9538,France,Loire Valley,Savennières-Roche-Aux-Moines,47.3909714,-0.6438942
9564,Italy,Piedmont,Roero Arneis,44.7881153,7.939328799999999
9592,Italy,Sicily & Sardinia,Vermentino di Gallura,40.804732,9.321736999999999
9593,France,Languedoc-Roussillon,Corbières,43.054859,1.997267
9615,Italy,Sicily & Sardinia,Romangia,39.1796685,8.522640299999999
9679,France,Languedoc-Roussillon,Saint-Chinian,43.418646,2.945129
9698,Italy,Southern Italy,Murgia,40.976111,16.406111
9757,France,Southwest France,Vin de Pays des Côtes de Gascogne,46.227638,2.213749
9789,US,California,El Dorado County,38.74263759999999,-120.4357631
9826,Argentina,Mendoza Province,Alto Valle de Uco,-33.6053677,-69.12350289999999
9832,Argentina,Other,Famatina Valley,-28.9255089,-67.52026049999999
9849,Canada,Ontario,St. David's Bench,51.253775,-85.323214
9851,US,California,Napa County-Sonoma County,38.5024689,-122.2653887
9855,Italy,Sicily & Sardinia,Marsala,40.1208752,9.012892599999999
9862,US,Oregon,Yamhill County,45.1771983,-123.2395303
9868,Spain,Central Spain,Ribera del Guadiana,38.2648406,-5.6372174
9941,France,Languedoc-Roussillon,Vin de Pays Cité de Carcassonne,43.2060816,2.3641961
9969,Italy,Central Italy,Castelli Romani,41.7088402,12.6875042
10032,France,Southwest France,Vin de Pays du Lot,44.43589240000001,1.4427503
10064,US,Massachusetts,Southeastern New England,42.4419817,-71.6886636
10151,US,New Jersey,New Jersey,40.0583238,-74.4056612
10210,France,Southwest France,Vin de Pays du Comté Tolosan,46.227638,2.213749
10233,France,Southwest France,Pécharmant,44.8561522,0.5505386999999999
10242,US,California,Monterey-Santa Cruz,36.9578731,-122.0301661
10313,France,Languedoc-Roussillon,Vin de Pays de L'Herault,43.6841,3.58848
10322,Italy,Central Italy,Controguerra,42.85042199999999,13.8123653
10340,Italy,Central Italy,Falerio dei Colli Ascolani,41.87194,12.56738
10352,Italy,Central Italy,Montepulciano d'Abruzzo Colline Teramane,41.87194,12.56738
10401,Italy,Central Italy,Conero,43.55,13.6
10404,France,France Other,Vin de Table Francais,46.227638,2.213749
10408,Italy,Central Italy,Abruzzo,42.1920119,13.7289167
10416,Italy,Central Italy,Montepulciano d'Abruzzo Cerasuolo,42.1920119,13.7289167
10430,Italy,Southern Italy,Castel del Monte,41.0847777,16.2706484
10459,Italy,Central Italy,Montefalco Rosso,42.881894,12.610991
10466,US,California,Guenoc Valley,37.0520944,-121.9917311
10547,Australia,Victoria,Rutherglen,-36.055556,146.4625
10576,Italy,Southern Italy,Terra degli Osci,41.87194,12.56738
10632,Italy,Central Italy,Colline Pescaresi,41.87194,12.56738
10636,Italy,Central Italy,Cerasuolo d'Abruzzo,41.87194,12.56738
10637,Italy,Southern Italy,Molise,41.67388649999999,14.7520939
10673,US,California,York Mountain,35.546083,-120.8332336
10736,France,Languedoc-Roussillon,Vin de Pays des Coteaux de Peyriac,43.29152,2.565892
10808,France,Languedoc-Roussillon,Terrasses du Larzac,43.93101559999999,3.2426063
10865,Italy,Southern Italy,Lacryma Christi del Vesuvio,40.7850712,14.4405714
10885,Italy,Southern Italy,Calabria,39.3087714,16.3463791
10937,Italy,Veneto,Amarone della Valpolicella Valpantena,45.5333333,11
11002,Italy,Central Italy,Lacrima di Morro d'Alba,43.6060334,13.2259525
11019,Australia,New South Wales,Orange,-33.283333,149.1
11027,Italy,Southern Italy,Tarantino,41.87194,12.56738
11177,Italy,Veneto,Valpolicella Ripasso Classico,45.76233329999999,11.690976
11282,Italy,Veneto,Valpolicella Ripasso Valpantena Superiore,45.5333333,11
11285,Spain,Northern Spain,Tierra de León,42.3822042,-5.9815977
11403,Italy,Veneto,Valpolicella,45.5204416,10.9388597
11432,Italy,Veneto,Valpolicella Classico,45.5204416,10.9388597
11492,Spain,Central Spain,Uclés,39.9799887,-2.8633215
11523,US,California,Sonoma County-Santa Barbara County,34.4346011,-119.8747057
11656,US,Ohio,Grand River Valley,41.6974296,-81.03739499999999
11778,Italy,Sicily & Sardinia,Passito di Pantelleria,36.785262,11.9918779
11781,Italy,Northeastern Italy,Friuli,46.2259177,13.1033646
11806,Italy,Tuscany,Moscadello di Montalcino,42.967171,11.437808
11811,Italy,Veneto,Recioto di Soave,45.4214476,11.2490829
11851,Italy,Central Italy,Orvieto Classico Superiore,42.7185068,12.1107446
11874,Italy,Central Italy,Albana di Romagna,44.5967607,11.2186396
11901,Argentina,Other,Río Negro Valley,-40.8261434,-63.0266339
11974,Italy,Veneto,Recioto della Valpolicella Classico,45.76233329999999,11.690976
11986,Australia,Australia Other,Central Ranges,-25.274398,133.775136
12041,Italy,Veneto,Recioto di Soave Classico,45.4223008,11.2485921
12072,France,Burgundy,Givry,46.78307,4.742662999999999
12126,Italy,Piedmont,Loazzolo,44.6688073,8.258573799999999
12137,Italy,Tuscany,Cortona,43.27506340000001,11.98512
12213,Italy,Piedmont,Strevi,44.7004186,8.5234983
12243,Italy,Veneto,Recioto della Valpolicella,45.5272368,10.9403779
12244,Italy,Veneto,Recioto della Valpolicella Valpantena,45.5333333,11
12258,France,Burgundy,Bourgogne Hautes Côtes de Nuits,47.1595458,4.9552993
12274,Italy,Sicily & Sardinia,Malvasia delle Lipari,38.4936623,14.9272044
12276,France,Burgundy,Chorey-lès-Beaune,47.048887,4.86904
12356,US,California,San Francisco Bay,37.6909682,-122.3107517
12358,Italy,Veneto,Valdobbiadene Superiore di Cartizze,45.8998453,12.0401104
12458,Italy,Tuscany,Montecucco,43.7388922,11.3860171
12483,Italy,Sicily & Sardinia,Moscato di Noto,36.8924433,15.0651945
12525,Italy,Piedmont,Asti,44.90075119999999,8.2064257
12534,Australia,South Australia,McLaren Vale-Adelaide Hills,-35.2462077,138.55089
12535,France,Burgundy,Fixin,47.24534,4.972309
12545,US,California,San Antonio Valley,33.3285257,-117.0968724
12547,Italy,Piedmont,Piedmont,45.0522366,7.5153885
12551,Italy,Veneto,Colli Euganei,45.3166667,11.6666667
12792,France,Burgundy,Côte de Beaune,47.02603000000001,4.840004
12848,Italy,Tuscany,Bolgheri Sassicaia,43.2336764,10.6170139
13020,Spain,Spanish Islands,Vi de la Terra Illes Balears,39.3587759,2.7356328
13133,France,Bordeaux,Premieres Côtes de Bordeaux,44.779184,-0.461052
13140,Spain,Northern Spain,Empordà,42.2755267,3.0175712
13144,France,France Other,Vin de Liqueur,43.6093896,3.877675
13201,Italy,Tuscany,Sant'Antimo,42.9996008,11.5156193
13214,Italy,Sicily & Sardinia,Cerasuolo di Vittoria Classico,36.9520998,14.5372653
13223,France,Burgundy,Mâcon-Pierreclos,46.334809,4.686364999999999
13229,France,Languedoc-Roussillon,Vin de Pays du Val de Cesse,43.287046,2.888213
13262,Italy,Sicily & Sardinia,Monreale,40.1208752,9.012892599999999
13298,Italy,Sicily & Sardinia,Menfi,37.5782562,12.9173336
13300,France,Loire Valley,Montlouis-sur-Loire,47.38826400000001,0.827383
13482,Italy,Sicily & Sardinia,Vittoria Frappato,36.9520998,14.5372653
13737,US,New York,"The Hamptons, Long Island",40.924616,-72.35479149999999
13787,Canada,Ontario,Niagara-On-The-Lake,43.2549988,-79.0772616
13924,France,France Other,Vin de Pays de France,44.8896382,1.2169012
13943,US,Michigan,Michigan,44.3148443,-85.60236429999999
13968,France,France Other,Vin de Pays Vignobles de France,46.227638,2.213749
14030,US,Michigan,Old Mission Peninsula,44.8839492,-85.50972259999999
14125,US,Texas,Texas,29.383845,-94.9027002
14130,Spain,Catalonia,Costers del Segre,41.599156,0.5812269999999999
14285,US,California,Mokelumne River,38.1145286,-121.5741027
14439,France,Provence,Les Baux de Provence,43.743887,4.795495000000001
14507,Italy,Lombardy,Franciacorta,45.47906709999999,9.8452433
14517,Italy,Veneto,Valdobbiadene Prosecco Superiore,45.915836,12.166491
14534,France,Loire Valley,Muscadet Sèvre et Maine Clisson,47.111546,-1.263642
14588,Italy,Central Italy,Rosso Piceno,42.8536043,13.5749442
14692,Spain,Andalucia,Málaga,36.7212737,-4.4213988
14743,Italy,Northeastern Italy,Trento,46.0747793,11.1217486
14748,France,Burgundy,Viré-Clessé,46.448616,4.842058
14891,US,California,San Luis Obispo-Sonoma-Monterey,35.2810211,-120.6630823
14993,Italy,Northwestern Italy,Valle d'Aosta,45.7388878,7.426186599999999
15004,France,Loire Valley,Muscadet Côtes de Grandlieu,47.137716,-1.687522
15047,Italy,Piedmont,Erbaluce di Caluso,45.3053404,7.888038799999999
15058,US,California,Sonoma,38.291859,-122.4580356
15178,Italy,Southern Italy,Beneventano,41.1297613,14.7826208
15215,France,Burgundy,Mâcon-Uchizy,46.4893405,4.913118
15216,Italy,Southern Italy,Catalanesca del Monte Somma,40.8333333,14.4333333
15220,France,Burgundy,Bourgogne Epineuil,47.874593,3.980885
15233,Italy,Piedmont,Ghemme,45.5958705,8.4228612
15423,Italy,Piedmont,Dolcetto di Diano d'Alba,44.64602199999999,8.008942
15431,Italy,Northeastern Italy,Friuli Venezia Giulia,42.3068834,13.5079104
15441,France,Languedoc-Roussillon,Côtes du Roussillon Villages,43.5912356,3.2583626
15468,France,Burgundy,Corton Les Lolières,47.073634,4.878847
15489,US,California,Capay Valley,38.709359,-122.121272
15522,Italy,Southern Italy,Campi Flegrei,40.827,14.139
15569,Italy,Tuscany,Chianti Montespertoli,43.613497,11.073393
15583,Italy,Tuscany,Chianti Colli Senesi,43.321802,11.3285404
15596,Italy,Central Italy,Romagna,44.5967607,11.2186396
15599,US,California,Sonoma County-Napa County,38.291859,-122.4580356
15613,France,Burgundy,Corton-Charlemagne,47.0676505,4.85854
15619,France,Burgundy,Bâtard-Montrachet,46.9447821,4.7539203
15651,Italy,Piedmont,Gattinara,45.6139525,8.3715171
15736,France,Rhône Valley,Côte Rôtie,45.534419,-73.573329
15779,Italy,Central Italy,Emilia,44.5967607,11.2186396
15903,France,Burgundy,Mâcon-Fuissé,46.280354,4.742589
15972,Italy,Veneto,Prosecco Treviso,45.90032799999999,12.0982601
16064,Italy,Veneto,Montello e Colli Asolani,45.7811191,12.0704017
16066,France,Burgundy,Mâcon-Villages,46.3068839,4.828730999999999
16149,France,Burgundy,Clos de Vougeot,47.175824,4.955907499999999
16169,France,Languedoc-Roussillon,Côtes du Roussillon,42.770106,2.877342
16170,France,Languedoc-Roussillon,Côtes du Roussillon Villages Tautavel,42.8149033,2.7468916
16214,Italy,Northeastern Italy,Mitterberg,41.87194,12.56738
16294,France,Burgundy,Mâcon La Roche Vineuse,46.34679200000001,4.719113
16512,Italy,Tuscany,Val di Cornia Suvereto,43.0760687,10.7042748
16536,France,Languedoc-Roussillon,Vin de Pays des Côtes Catalanes,43.5912356,3.2583626
16622,Italy,Tuscany,Alta Valle della Greve,43.573772,11.346905
16708,Australia,South Australia,Clare Valley-Eden Valley,-33.8335699,138.61
16718,Italy,Piedmont,Dogliani Superiore,44.5319723,7.949748199999999
16753,Italy,Tuscany,Costa Toscana,43.7710513,11.2486208
16962,Italy,Southern Italy,Ischia,40.7270164,13.9028656
17134,Italy,Piedmont,Brachetto d'Acqui,44.67638460000001,8.4670285
17138,Italy,Central Italy,Lambrusco di Modena,44.647128,10.9252269
17173,Italy,Tuscany,Monteregio di Massa Marittima,42.96958,10.828253
17298,France,Burgundy,Mâcon Solutré,46.29730499999999,4.725849
17301,France,Burgundy,Pouilly-Loché,46.2828245,4.7805414
17303,France,Burgundy,Ladoix,47.06605,4.886973999999999
17376,US,Washington,Puget Sound,47.7236535,-122.4713352
17391,Italy,Piedmont,Ruché di Castagnole Monferrato,44.9541513,8.3022014
17400,France,Loire Valley,Saint-Nicolas-de-Bourgueil,47.284852,0.12535
17461,Italy,Southern Italy,Pompeiano,41.87194,12.56738
17473,Italy,Central Italy,Emilia-Romagna,44.5967607,11.2186396
17528,France,Burgundy,Mâcon-Azé,46.431348,4.7612249
17556,US,California,San Lucas,36.1288547,-121.0204672
17564,France,Bordeaux,Crémant de Bordeaux,44.935948,-0.136946
17610,France,Burgundy,Mâcon-Vergisson,46.30963,4.716371
17757,US,New Jersey,Outer Coastal Plain,40.0583238,-74.4056612
17758,Italy,Italy Other,Italy,44.1301064,12.485213
17773,France,Burgundy,Pouilly-Vinzelles,46.2705001,4.7649238
17822,France,France Other,Vin de Pays des Portes de Méditerranée,46.227638,2.213749
17828,Italy,Central Italy,Colli Pesaresi,41.87194,12.56738
17860,Italy,Central Italy,Cesanese del Piglio,41.8240104,13.139435
17938,France,Burgundy,Mâcon-Davayé,46.302008,4.744197
18141,Spain,Northern Spain,Vino de la Tierra Ribera del Gállego-Cinco Villas,41.9111325,-0.8008934
18310,France,Languedoc-Roussillon,Muscat de Saint-Jean de Minervois,43.3841279,2.833104
18434,France,Beaujolais,Coteaux du Lyonnais,46.1118342,4.720898399999999
18487,US,California,Sonoma-Napa-Mendocino,38.4593019,-122.7171838
18491,Italy,Lombardy,Curtefranca,45.47906709999999,9.8452433
18606,France,France Other,Ile de Beauté,42.5662973,8.758126899999999
18993,Italy,Tuscany,Colline Lucchesi,43.4775298,11.1483528
19039,Italy,Central Italy,Montefalco Sagrantino,42.9223676,12.6418492
19159,France,Languedoc-Roussillon,Côtes de Thongue,43.3990251,3.416833
19161,Spain,Levante,Alicante-Marina Alta,38.339391,-0.4809855
19361,France,Bordeaux,Premieres Côtes de Blaye,45.126841,-0.662941
19363,France,Bordeaux,Saint-Julien,45.54906500000001,-73.604411
19368,Italy,Central Italy,Offida Pecorino,42.9408629,13.6965046
19398,Australia,South Australia,Padthaway,-36.6270289,140.433893
19554,France,Languedoc-Roussillon,Minervois La Liviniere,43.32940199999999,2.619386
19594,France,Provence,Coteaux de Verdon,43.74300880000001,6.014831999999999
19619,Australia,Western Australia,Pemberton,-34.44,116.05
19663,Italy,Lombardy,Oltrepò Pavese,45.0281976,9.312121099999999
19836,Italy,Veneto,Piave,46.068752,12.3314323
19913,Italy,Central Italy,Colli Bolognesi,41.87194,12.56738
19977,France,Languedoc-Roussillon,Aude Hauterive,43.0724667,2.3813621
19990,France,Loire Valley,Rosé d'Anjou,47.4908629,-0.5045144
19996,Australia,Victoria,Pyrenees,-37.3879637,143.4770359
20034,Australia,South Australia,McLaren Vale-Padthaway,-35.1028334,138.5568379
20179,Italy,Veneto,Valpolicella Valpantena,45.5333333,11
20183,France,Burgundy,Mâcon,46.3068839,4.828730999999999
20395,France,Bordeaux,Pomerol,44.8206164,-0.6004558
20424,US,California,Napa-Sonoma-Lake,38.9812473,-122.8452198
20580,Italy,Tuscany,Montecarlo,43.8534454,10.6657906
20624,US,California,Cucamonga Valley,34.1120955,-117.5776336
20647,Italy,Tuscany,Orcia,43.00438399999999,11.695953
20697,Italy,Northeastern Italy,Rosazzo,45.9915583,13.4415929
20715,US,California,Napa-Sonoma-Monterey,36.6034305,-121.8627696
20727,Canada,Ontario,Prince Edward County,44.0003383,-77.25049369999999
21133,Spain,Northern Spain,Vino de la Tierra del Bajo Aragón,40.89924999999999,-0.364891
21392,Italy,Central Italy,Forlì,44.2227398,12.0407312
21833,US,California,Malibu Coast,34.0259216,-118.7797571
21911,France,Burgundy,Mâcon-Péronne,46.438691,4.809830000000001
22077,Italy,Lombardy,Terre di Franciacorta,45.6120081,10.0260956
22275,US,California,San Francisco Bay-Livermore Valley,37.69956130000001,-121.8452212
22276,France,Languedoc-Roussillon,La Clape,43.158333,3.1
22293,France,Bordeaux,Sainte-Foy Bordeaux,46.7757584,-71.255307
22453,US,California,El Pomar District,35.5312236,-120.6308527
22586,US,California,Lake County-Sonoma County,38.3230989,-122.4914686
22687,US,California,Ramona Valley,33.0466939,-116.8591631
22877,Australia,Western Australia,Mount Barker,-34.63,117.666944
22881,Argentina,Mendoza Province,Medrano,-33.1775166,-68.6113055
22937,US,California,Lime Kiln Valley,37.0030539,-122.0488465
23116,Italy,Piedmont,Barbera del Monferrato Superiore,44.8175587,8.7046627
23135,France,Loire Valley,Anjou,48.014277,3.088529
23194,US,California,Sonoma County-San Joaquin County,37.972615,-121.3253758
23353,US,California,San Bernabe,36.1475072,-121.1006615
23482,France,Southwest France,Gaillac Doux,43.9018159,1.896506
23539,France,Languedoc-Roussillon,Faugères,43.5655659,3.188741
23782,France,Bordeaux,Côtes de Castillon,44.8533003,-0.0436106
23797,US,California,Santa Cruz County,37.0453988,-121.9579578
23877,Italy,Southern Italy,Biferno Rosso,41.906962,14.9441244
23939,France,Languedoc-Roussillon,Blanquette de Limoux,43.06927100000001,2.220543
24025,France,Languedoc-Roussillon,Gard,43.9446996,4.1513764
24032,Spain,Andalucia,Vino de la Tierra Contraviesa Alpujarra,36.880581,-3.185691
24086,US,California,Amador-Napa,38.4749872,-120.8497065
24205,France,Bordeaux,Puisseguin Saint-Émilion,44.932999,-0.07292499999999999
24219,Italy,Northwestern Italy,Colli di Luni,44.0893807,10.0542386
24319,Italy,Veneto,Veneto Orientale,45.629925,12.5729068
24327,Italy,Veneto,Colli Asolani Prosecco,45.7811191,12.0704017
24390,US,California,Sonoma County-Monterey County-Napa County,38.5779555,-122.9888319
24432,France,Burgundy,Vougeot,47.176617,4.962975
24436,Australia,Victoria,Heathcote,-36.916667,144.7
24503,Italy,Southern Italy,Rosso di Cerignola,41.2656157,15.8936429
24529,Italy,Northwestern Italy,Riviera Ligure di Ponente,44.49715200000001,8.9534364
24608,Italy,Piedmont,Barbera del Monferrato,45.134448,8.450201
24820,Australia,South Australia,Currency Creek,-35.4373405,138.7586849
25083,France,Burgundy,Charmes-Chambertin,50.676905,5.883443
25290,Spain,Central Spain,Ribera del Júcar,39.2286419,-1.443469
25320,US,California,Madera,36.9613356,-120.0607176
25509,Italy,Veneto,Breganze,45.708245,11.5574545
25803,France,Burgundy,Maranges,46.895502,4.669665999999999
25964,Italy,Veneto,Colli di Conegliano,45.8866683,12.2890294
26396,US,Missouri,Augusta,38.5725523,-90.882081
26469,Spain,Northern Spain,Vino de Calidad de Tierras de León,40.46366700000001,-3.74922
26741,Italy,Piedmont,Dolcetto d'Asti,44.9007652,8.206431499999999
26830,Italy,Veneto,Lison-Pramaggiore,45.7793972,12.735751
27076,Spain,Northern Spain,Bizkaiko Txakolina,40.46366700000001,-3.74922
27230,Spain,Central Spain,Extremadura,39.4937392,-6.0679194
27461,Italy,Southern Italy,Vesuvio,40.82238299999999,14.4289058
27583,Australia,New South Wales,Mudgee,-32.6144566,149.5733291
27623,Spain,Catalonia,Tarragona,41.1188827,1.2444909
27826,France,Languedoc-Roussillon,Fitou,42.893306,2.978041
27931,Italy,Southern Italy,Gravina,40.8171447,16.418512
28343,France,Burgundy,Bourgogne Grand Ordinaire,47.084575,4.851313
28442,Spain,Northern Spain,Arlanza,42.0937118,-3.8248241
28476,US,California,Monterey-Santa Barbara-Sonoma,38.4875235,-122.4493985
28507,US,Michigan,Leelanau Peninsula,44.79383199999999,-85.638108
29240,France,Loire Valley,Savennières,47.383101,-0.656999
29472,Italy,Central Italy,Colli di Rimini,44.0678288,12.5695158
29559,US,Pennsylvania,Pennsylvania,41.2033216,-77.1945247
29562,Italy,Southern Italy,Primitivo del Salento,40.42336419999999,17.9531836
29567,US,Iowa,Iowa,41.8780025,-93.097702
29628,Italy,Central Italy,San Marino,43.94236,12.457777
29891,France,Loire Valley,Coteaux du Layon La Faye,47.302297,-0.550947
29931,Argentina,Mendoza Province,San Carlos,-34.0145518,-69.1923916
29973,Australia,Victoria,Gippsland,-37.5831982,147.4627259
30014,Spain,Spain Other,Vino de Mesa,40.46366700000001,-3.74922
30213,France,Loire Valley,Coteaux du Layon,47.213041,-0.5296782999999999
30242,Italy,Central Italy,Rosso Piceno Superiore,42.8536043,13.5749442
30459,Italy,Southern Italy,Cilento,40.288587,15.3608494
30568,US,California,Mendocino-Solano,38.10820289999999,-122.233111
30850,Italy,Piedmont,Verduno,44.66561189999999,7.929539600000001
30858,France,Loire Valley,Bonnezeaux,47.276972,-0.485391
30865,Italy,Central Italy,Offida Rosso,42.9408629,13.6965046
31076,Italy,Southern Italy,Paestum,40.431988,15.049579
31104,Spain,Northern Spain,Vino de la Tierra de Zamora,41.5086305,-5.751006599999999
31149,Australia,South Australia,Barossa Valley-Clare Valley,-34.5333333,138.95
31162,Italy,Central Italy,Conero Riserva,41.87194,12.56738
31277,France,Loire Valley,Saumur-Champigny,47.2365721,-0.0077938
31370,US,California,Hames Valley,35.8744105,-120.8346229
31525,Australia,South Australia,Limestone Coast,-36.7235617,140.3481835
31530,Australia,Victoria,Murray-Darling,-35.4092603,143.762027
31559,Italy,Tuscany,Sangiovese di Toscana,42.996863,10.998215
31751,US,California,Trinity County,40.6329485,-123.0622553
31818,US,California,North Yuba,39.3685029,-121.1363446
31959,Italy,Veneto,Prosecco Superiore di Cartizze,45.877286,12.034054
32093,Italy,Central Italy,Colli di Faenza,44.2898527,11.8774091
32271,Spain,Catalonia,Catalonia,41.5911589,1.5208624
32280,US,Virginia,Albemarle County,38.0567092,-78.6114999
32373,Italy,Sicily & Sardinia,Nuragus di Cagliari,39.7772646,9.0396465
32547,Australia,South Australia,Southern Flinders Ranges,-31.4166667,138.75
32617,Spain,Northern Spain,Vino Tierra de León,42.5987041,-5.5670839
32691,France,France Other,Crémant de Jura,46.227638,2.213749
32954,US,California,Malibu-Newton Canyon,34.0809642,-118.8021153
33274,Australia,Victoria,Goulburn Valley,-36.8212556,145.5833979
33422,Italy,Veneto,Marca Trevigiana,45.8988492,12.1759442
33481,France,Rhône Valley,Saint-Péray,44.9290335,4.8273718
33483,France,Rhône Valley,Beaumes-de-Venise,44.1199319,5.0140156
33658,Spain,Northern Spain,Ribera del Queiles,41.93093959999999,-1.7540382
33792,France,Loire Valley,Vin de Pays du Val de Loire,47.4829946,-0.5418098
33819,Australia,South Australia,Riverland,-34.3142878,139.8547266
33998,France,Loire Valley,Quarts de Chaume,47.3176766,-0.6432268
34069,France,Loire Valley,Chaume,47.2586386,0.884795
34161,US,California,California-Washington,39.3590873,-120.7999351
34181,Italy,Tuscany,Vin Santo di Montepulciano,43.1735657,11.9332981
34313,Italy,Central Italy,Colline Teatine,41.87194,12.56738
34365,France,Burgundy,Echézeaux,47.165362,4.979823
34493,Italy,Northeastern Italy,Colli Trevigiani,45.8230494,11.8564226
34712,France,Loire Valley,Pouilly-sur-Loire,47.283935,2.955667
34788,Spain,Northern Spain,Vino de la Tierra Ribera del Jiloca,40.8706822,-1.2891036
34837,Italy,Tuscany,San Gimignano,43.4676324,11.0434909
34956,Italy,Northeastern Italy,Friuli Aquileia,45.76816909999999,13.3687199
35016,France,Loire Valley,Vin de Pays du Jardin de la France,46.227638,2.213749
35065,Italy,Northeastern Italy,Garda,45.6049385,10.6351414
35115,Italy,Central Italy,Montefalco,42.88929359999999,12.6502843
35158,US,California,McDowell Valley,38.97656480000001,-123.0619456
35188,Italy,Veneto,Bardolino,45.5453076,10.6914197
35200,France,Loire Valley,Anjou Villages,47.4503819,-0.5709138
35203,US,Ohio,Ohio,40.4172871,-82.90712300000001
35238,Italy,Tuscany,Chianti Colli Pisani,43.7710513,11.2486208
35535,France,Languedoc-Roussillon,Vin de Pays des Coteaux de Bessilles,43.5912356,3.2583626
35659,Italy,Veneto,Valdadige,45.5485791,10.8232604
35678,US,California,Solano County,38.3104969,-121.9017954
35721,Italy,Veneto,Bardolino Classico,45.5453076,10.6914197
35739,France,Rhône Valley,Côtes du Luberon,43.796111,5.223889
35785,France,Burgundy,Burgundy,47.0525047,4.3837215
35803,Canada,Ontario,Lake Erie North Shore,42.0668852,-81.3399414
36142,Italy,Piedmont,Casorzo,45.02123479999999,8.3371719
36280,US,California,Jahant,38.2072669,-121.1826212
36587,Australia,Victoria,Grampians,-37.2108819,142.3979571
36705,Canada,Ontario,Short Hills Bench,43.1076511,-79.2871392
37812,France,Loire Valley,Coteaux du Layon Beaulieu,47.3236158,-0.6185058999999999
37909,US,Virginia,Virginia's Eastern Shore,37.136425,-75.96459999999999
38067,France,Burgundy,Clos de la Roche,40.7684892,-73.9589049
38116,France,Languedoc-Roussillon,Vallée du Paradis,43.5912356,3.2583626
38186,Spain,Central Spain,Finca Élez,40.46366700000001,-3.74922
39050,France,Bordeaux,Côtes de Bordeaux,46.340132,-72.604259
39119,France,Bordeaux,Moulis-en-Médoc,45.0853331,-0.7454046
39219,France,France Other,Savoie,45.4932045,6.472399999999999
39306,France,Burgundy,Chambertin Clos de Bèze,47.465224,5.275158999999999
39511,Italy,Southern Italy,Taburno,41.1308729,14.6472491
39648,Italy,Piedmont,Dolcetto d'Acqui,44.67638460000001,8.4670285
40239,US,California,Saddle Rock-Malibu,34.0990408,-118.8207158
40535,France,Bordeaux,Canon-Fronsac,44.9252406,-0.3016586
41514,France,Bordeaux,Entre-Deux-Mers,44.8464094,-0.5392778000000001
41906,Italy,Central Italy,Orvieto Classico,42.7185068,12.1107446
41907,France,France Other,Vin de Pays de l'Ile de Beauté,46.227638,2.213749
42047,Italy,Southern Italy,Penisola Sorrentina,40.6569836,14.5422225
42223,Italy,Southern Italy,Martina,40.7028666,17.3392645
42983,Argentina,Other,Aminga Valley,-28.8473265,-66.9298632
43342,Italy,Veneto,Monti Lessini,45.6833333,11.2166667
43484,France,Burgundy,Mazis-Chambertin,47.224058,4.969597
43817,US,California,Napa County-Sonoma County-Lake County,38.758012,-122.6235144
43837,France,Burgundy,Hautes Côtes de Nuits,47.1492182,4.890554799999999
44498,France,Rhône Valley,Côtes-du-Ventoux,45.914456,5.189846999999999
44528,US,California,Santa Barbara-Monterey,36.4397212,-121.3183599
44627,France,Languedoc-Roussillon,Vin de Pays de Hauterive,47.01564279999999,6.9725091
44656,France,Burgundy,Petit Chablis,47.8120357,3.8024908
44771,France,Languedoc-Roussillon,Muscat de Rivesaltes,42.7468364,2.903213
44795,Italy,Lombardy,Lombardy,45.47906709999999,9.8452433
44853,France,Loire Valley,Cheverny,47.49973,1.46013
45018,Italy,Northeastern Italy,Garda Classico,45.6049385,10.6351414
45064,US,California,Napa-Sonoma-Marin,38.291859,-122.4580356
45536,France,Rhône Valley,Vin Doux Naturel Rasteau,44.231277,4.986897
45754,US,California,Lake County-Mendocino County,39.2173837,-123.171699
45947,France,France Other,Vin de Pays des Coteaux de L'Ardeche,44.3064362,4.6275656
45949,France,Loire Valley,Muscadet Coteaux de la Loire,48.014277,3.088529
46074,Spain,Central Spain,Toledo,39.9342662,-4.8958317
46119,France,Languedoc-Roussillon,Vin de Pays de Montferrand,43.36530399999999,1.821456
46294,Italy,Northeastern Italy,Del Veneto,45.5409347,11.5094999
46740,Canada,Ontario,Niagara Escarpment,44.7180522,-87.5950953
47052,France,Rhône Valley,Vin de Pays de Vaucluse,44.0565054,5.1432068
47065,US,Vermont,Vermont,44.5588028,-72.57784149999999
47583,US,Connecticut,Western Connecticut Highlands,41.2531719,-72.96608499999999
47706,Italy,Central Italy,Colline Teramane,41.87194,12.56738
48018,US,California,Napa Valley-Paso Robles,35.6444393,-120.6893353
48584,Italy,Central Italy,Lago di Corbara,42.7168337,12.2519308
48655,Australia,South Australia,Mount Benson,-37.1346096,139.7974831
48750,Spain,Central Spain,Madrid,40.4167754,-3.7037902
49059,Italy,Southern Italy,Galatina,40.17582280000001,18.1724756
49187,Italy,Central Italy,Colli Martani,44.8496822,9.9013771
49250,Italy,Central Italy,Colli Perugini,41.87194,12.56738
49452,US,California,Sonoma-Santa Barbara-Mendocino,38.291859,-122.4580356
49789,France,Southwest France,Irrouléguy,46.227638,2.213749
50057,Italy,Central Italy,Todi,42.7819352,12.4065686
50306,Italy,Central Italy,Torgiano Rosso Riserva,43.0273158,12.432391
50765,US,California,Mendocino-Lake County-Napa,38.4627996,-122.7287057
51851,Italy,Lombardy,Provincia di Pavia,45.3218166,8.8466236
51875,Italy,Tuscany,Vin Santo del Chianti,43.5958368,11.3085151
52238,Australia,New South Wales,Hilltops,-33.2581632,149.0866321
52385,Australia,New South Wales,Western Plains,-32.2785846,148.5817624
52744,France,Languedoc-Roussillon,Vin de Pays de la Vallée de l’Aude,42.91470899999999,2.6228612
53186,France,Languedoc-Roussillon,Vin de Pays de Caux,43.503448,3.368448
53247,US,Ohio,Ohio River Valley,40.4172871,-82.90712300000001
53481,Italy,Veneto,Prosecco di Valdobbiadene Superiore,45.877286,12.034054
53487,US,California,Mount Harlan,36.6974604,-121.405214
53676,Italy,Piedmont,Cortese di Gavi,44.6880915,8.8037472
53712,Australia,South Australia,Henty,-35.52,147.035
53780,Spain,Levante,Bullas,38.0523547,-1.6598746
54089,France,Rhône Valley,Clairette de Die,44.7610135,5.355582
54748,US,Kentucky,Kentucky,37.8393332,-84.2700179
55501,France,Languedoc-Roussillon,Vin de Pays des Coteaux de Murviel,43.440076,3.143720000000001
55511,France,Southwest France,Vin de Pays des Pyrénees Orientales,42.6389315,2.7619548
55567,Canada,Canada Other,Quebec,46.8632572,-71.2695032
55686,Canada,Canada Other,Canada,43.671855,-79.387434
55696,US,Massachusetts,Massachusetts,42.4072107,-71.3824374
56015,France,Burgundy,St.-Véran,46.2796745,4.784857
56056,Australia,South Australia,Southern Fleurieu,-35.5,138.5
56383,US,Washington,Columbia Valley-Walla Walla Valley,46.0542589,-118.325066
56757,US,California,Napa-Amador,38.113597,-122.243246
56796,Italy,Central Italy,Civitella d'Agliano,42.6042926,12.1859029
57248,Australia,Victoria,Geelong,-38.1499181,144.3617186
57450,Italy,Lombardy,Sebino,45.721871,10.0670398
57592,Italy,Tuscany,Chardonnay di Toscana,43.7710513,11.2486208
57639,France,Rhône Valley,Crémant de Die,44.7610135,5.355582
57875,Italy,Central Italy,Est! Est!! Est!!! di Montefiascone,42.5402375,12.0337914
58055,France,Loire Valley,Blanc Fumé de Pouilly,47.5532402,1.0105289
58104,Italy,Southern Italy,Copertino,40.2696379,18.0604887
58299,US,California,San Diego County,32.7157305,-117.1610966
58315,France,Languedoc-Roussillon,Collioure,42.52675199999999,3.084631
58742,France,Languedoc-Roussillon,Vin de Pays de L'Aude,42.91470899999999,2.6228612
59122,France,Burgundy,Montrachet,46.9447821,4.7539203
59354,Australia,Victoria,Yarra Valley-Heathcote,-37.754639,145.395339
59467,France,Burgundy,Côte de Beaune-Villages,47.0087677,4.7974732
59608,France,Loire Valley,Haut-Poitou,47.2114164,0.833911
60185,Australia,South Australia,Barossa-Langhorne Creek,-35.29625559999999,139.038277
60203,Spain,Northern Spain,Emporadà-Costa Brava,42.2755267,3.0175712
60542,Italy,Southern Italy,Biferno Bianco,41.906962,14.9441244
60949,Italy,Southern Italy,Cirò Classico,41.87194,12.56738
61637,US,California,California-Oregon,39.59388999999999,-121.52833
64418,Argentina,Other,Catamarca,-28.4715877,-65.7877209
65193,US,Nevada,Nevada,38.8026097,-116.419389
65559,Argentina,Other,Zonda Valley,-31.740385,-69.0016485
65677,US,Ohio,Isle St. George,41.72171489999999,-82.82018719999999
65798,Australia,Victoria,Central Victoria,-37.4713077,144.7851531
67845,Italy,Piedmont,Fara,45.553646,8.460478799999999
67989,Italy,Veneto,Custoza Superiore,45.3729347,10.7962865
69072,France,Champagne,Coteaux Champenois,49.253147,4.026601
69346,France,Languedoc-Roussillon,Vin de Pays des Côtes de Thau,43.3979814,3.6116494
69604,US,Michigan,Lake Michigan Shore,42.2208698,-86.369469
71494,Italy,Southern Italy,Rosso del Salento,40.42336419999999,17.9531836
72935,Italy,Southern Italy,Falanghina del Beneventano,41.1297613,14.7826208
73253,France,Southwest France,Vin de Pays de Côtes du Tarn,43.9264401,1.9881527
73357,Australia,South Australia,McLaren Vale-Langhorne Creek,-35.29625559999999,139.038277
73387,France,Languedoc-Roussillon,Vin de Pays des Sables du Golfe du Lion,43.5912356,3.2583626
73726,Italy,Southern Italy,Apulia,40.7928393,17.1011931
73880,France,France Other,Moselle VDQS,49.0983839,6.5527641
74165,US,California,Stanislaus County,37.5090711,-120.9876321
74265,Spain,Central Spain,Tierra Manchuela,40.46366700000001,-3.74922
74476,US,Oregon,Polk County,44.9266528,-123.4919256
75050,Australia,South Australia,Langhorne Creek-Limestone Coast,-35.29625559999999,139.038277
75992,France,Rhône Valley,Coteaux du Tricastin,44.3262629,4.731315700000001
